<table_data name="email_template">
    <row type="email_template">
        <field name="name">softsale.new_license</field>
        <field name="email_template_layout_id">1</field>
        <field name="lang">en</field>
        <field name="format">text</field>
        <field name="subject">%site_title%: New License Generated</field>
        <field name="txt">Thank you for ordering %product.title%!

New license key generated:
    %license.key%
    %license.info%
        </field>
    </row>
</table_data>