<?xml version="1.0" encoding="UTF-8"?>
<schema version="4.0.0">
    <table name="absignup_campaign">
        <field name="campaign_id" type="int" unsigned="1" notnull="1" extra="auto_increment" />
        <field name="campaign_type" type="enum" len="'saved_form','theme','saved_form_custom'" default="saved_form" />
        <field name="code" type="varchar" len="64" notnull="0" />
        <field name="is_active" type="tinyint" notnull="1" />
        <field name="title" type="varchar" len="255"/>
        <field name="begin_date" type="date" notnull="1" />
        <field name="expire_date" type="date" notnull="1" />
        <field name="type" type="enum" len="'signup','member','both'" />
        <field name="roster" type="text" />
        <index name="PRIMARY" unique="1">
            <field name="campaign_id"/>
        </index>
    </table>
    <table name="invoice">
        <field name="campaign_id" type="int" unsigned="1" notnull="0"/>
        <field name="saved_form_id" type="int" unsigned="1" notnull="0"/>
        <field name="theme" type="varchar" len="255" notnull="0"/>
    </table>
</schema>